model_name,gmean_relative_error,avg_rank,avg_acc
EnergyTS_V2.0,0.6122380191880193,1.9166666666666667,0.697146119179553
timesfm2_xreg_early,0.6690031495492228,3.566666666666667,0.6814488892753919
chronos-bolt-base,0.675059380009164,3.6666666666666665,0.6811338787964563
toto_151m,0.7045976923823263,4.9,0.6762698620557785
moirai_1.1_R_large,0.7541134645020097,5.7,0.6708727652454117
sundial_base_128m,0.756882361584322,4.366666666666666,0.6689460019270579
tirex,0.7766254690582344,4.433333333333334,0.6688324908415476
dummy_model,1.0,7.45,0.616336212293813
