model_name,gmean_relative_error,avg_rank,avg_acc
EnergyTS_V2.0,0.30951319291527996,1.0,0.9182532078157404
timesfm2_xreg_early,0.3405879781109833,2.1333333333333333,0.9077594518661499
chronos-bolt-base,0.37273781087320496,3.6,0.9043811226940169
toto_151m,0.3657908030539882,3.2666666666666666,0.9006850282351176
moirai_1.1_R_large,0.43523244305995973,5.133333333333334,0.8887310502250368
sundial_base_128m,0.575221886530125,6.133333333333334,0.8641920407613118
tirex,0.6551499483882285,6.733333333333333,0.8443452040354411
dummy_model,1.0,8.0,0.7776301586394105
