model_name,gmean_relative_error,avg_rank,avg_acc
EnergyTS_V2.0,0.6817587749176837,1.4,0.7505269370963826
tirex,0.7348714251345141,3.466666666666667,0.729771367708842
chronos-bolt-base,0.7415047362588707,3.4,0.7279220466963638
sundial_base_128m,0.7343374872861056,3.6,0.7278677543004354
toto_151m,0.763863022204689,4.933333333333334,0.7265632033348084
moirai_1.1_R_large,0.7890765854783768,5.733333333333333,0.7218014683995672
timesfm2_xreg_early,0.7765658267870983,5.466666666666667,0.7200250665346781
dummy_model,1.0,8.0,0.6578588900508262
