model_name,gmean_relative_error,avg_rank,avg_acc
EnergyTS_V3.0,0.7783805925170364,4.2,0.41162032351807576
chronos-2,0.7698190186344815,1.7333333333333334,0.4075151489375515
toto_2.0_2.5B,0.8217888757374323,3.6666666666666665,0.40359264011332924
timesfm2.5_xreg_early,0.8254068589674923,3.933333333333333,0.40255287345260243
sundial_base_128m,0.8574850777363765,5.0,0.40253246227900186
moirai_2.0_R_small,0.8352425374242854,3.8,0.4016957441644346
tirex,0.8801007891437215,6.0,0.3997124910354614
dummy_model,1.0,7.666666666666667,0.38284107565062353
