model_name,gmean_relative_error,avg_rank,avg_acc
EnergyTS_V3.0,0.7619978726597879,3.2666666666666666,0.7414966023736045
toto_2.0_2.5B,0.840498222055931,3.6666666666666665,0.7133805423554962
chronos-2,0.8535466952261149,4.266666666666667,0.7086914718134876
moirai_2.0_R_small,0.8445721273625353,3.1333333333333333,0.7066774693058121
tirex,0.8585429644095731,4.4,0.7015009005864461
timesfm2.5_xreg_early,0.8705246732342483,4.6,0.6945236789169758
sundial_base_128m,0.9060577216975646,5.466666666666667,0.6811917503674825
dummy_model,1.0,7.2,0.6470147248343916
