model_name,gmean_relative_error,avg_rank,avg_acc
chronos-2,0.6650154904309823,1.0666666666666667,0.7874554463405665
EnergyTS_V3.0,0.7765007207888859,3.0,0.7638712803522746
toto_2.0_2.5B,0.738261069493641,2.2,0.7455571830358922
timesfm2.5_xreg_early,0.8959857554425994,6.066666666666666,0.7415665424284058
sundial_base_128m,0.8773430501100571,5.933333333333334,0.739145561059316
tirex,0.8347087507269411,4.066666666666666,0.7279314001401266
moirai_2.0_R_small,0.9624113202656797,6.4,0.7169615252117342
dummy_model,1.0,7.266666666666667,0.6822355514831315
