model_name,gmean_relative_error,avg_rank,avg_acc
EnergyTS_V3.0,0.2309785788003713,1.4666666666666666,0.9208331783612569
chronos-2,0.23598103915966528,1.5333333333333334,0.9190950320836976
timesfm2.5_xreg_early,0.4448708637986617,3.0,0.8590310646315965
toto_2.0_2.5B,0.7367593313677526,4.066666666666666,0.7466421205959677
tirex,0.9445235029249233,5.666666666666667,0.6821594119071961
moirai_2.0_R_small,1.1002868415595253,7.333333333333333,0.6610689899320696
sundial_base_128m,1.019855823186123,6.4,0.6380520065625509
dummy_model,1.0,6.533333333333333,0.6198896977533828
