model_name,gmean_relative_error,avg_rank,avg_acc
EnergyTS_V3.0,0.4452427944810011,1.9,0.8296260426441828
chronos-2,0.4442040347510795,1.5,0.8273621346802267
timesfm2.5_xreg_early,0.5910457587352556,3.6333333333333333,0.7938130321596298
toto_2.0_2.5B,0.7594923430323691,3.6166666666666667,0.7074254673222227
tirex,0.9201187633451223,5.7,0.6723568061987559
moirai_2.0_R_small,0.9924308542097072,6.5,0.6554916055613869
sundial_base_128m,0.9748742453493595,6.3,0.6452172885338465
dummy_model,1.0,6.85,0.6263204350719228
