model_name,gmean_relative_error,avg_rank,avg_acc
EnergyTS_V2.0,0.10611033427200027,1.0,0.78701318340354
timesfm2_xreg_early,0.4001787937577178,2.888888888888889,0.5964015142785178
toto_151m,0.7027388019708346,4.333333333333333,0.3670413409670194
tirex,0.6887401773801904,3.6444444444444444,0.36189989298582076
sundial_base_128m,0.7046367148681573,4.888888888888889,0.36166646977265676
moirai_1.1_R_large,0.7039745145049469,4.7555555555555555,0.35574313039817274
chronos-bolt-base,0.7827271146276737,6.511111111111111,0.3151765439878566
dummy_model,1.0,7.977777777777778,0.04616299244696686
