model_name,gmean_relative_error,avg_rank,avg_acc
EnergyTS_V2.0,0.012460766965864801,1.0,0.9907376515699616
timesfm2_xreg_early,0.18980322039260253,2.0,0.8661655426025391
sundial_base_128m,0.7291798584925557,3.8666666666666667,0.4258385757605235
tirex,0.7342516431302614,4.466666666666667,0.4222802321116129
chronos-bolt-base,0.785290135785353,5.6,0.40745934519842836
moirai_1.1_R_large,0.7621327694509615,5.266666666666667,0.4064330066432849
toto_151m,0.7875301595651722,5.8,0.3812558422485987
dummy_model,1.0,8.0,0.15359514673738012
