model_name,gmean_relative_error,avg_rank,avg_acc
EnergyTS_V2.0,0.28561994820822056,1.0,0.71333718394036
timesfm2_xreg_early,0.6651275391334794,4.0,0.3263943483432134
toto_151m,0.6502503604019516,3.4,0.30448054422934845
sundial_base_128m,0.6750289620611171,5.333333333333333,0.26943847636381785
moirai_1.1_R_large,0.6681821744874884,4.8,0.26861257571813785
tirex,0.639793244618722,2.466666666666667,0.25455580900112784
chronos-bolt-base,0.7983245319850992,7.0,0.23765478997081377
dummy_model,1.0,8.0,-0.02414656833777192
