model_name,gmean_relative_error,avg_rank,avg_acc
EnergyTS_V2.0,0.33569103087889085,1.0,0.6569647147002983
timesfm2_xreg_early,0.5076375106396113,2.6666666666666665,0.596644651889801
toto_151m,0.6776945693927098,3.8,0.41538763642311094
tirex,0.6954752464784784,4.0,0.4088636378447214
moirai_1.1_R_large,0.6850863113242901,4.2,0.39218380883309556
sundial_base_128m,0.7107857854123519,5.466666666666667,0.38972235719362897
chronos-bolt-base,0.7649296908574205,6.933333333333334,0.3004154967943277
dummy_model,1.0,7.933333333333334,0.00904039894129238
